<application>
  <component name="ProjectJdkTable">
    <jdk version="2">
      <name value="Python 3.6" />
      <type value="Python SDK" />
      <version value="Python 3.6.5" />
      <homePath value="C:\Users\student\AppData\Local\Programs\Python\Python36\python.exe" />
      <roots>
        <classPath>
          <root type="composite">
            <root url="file://$USER_HOME$/AppData/Local/Programs/Python/Python36/DLLs" type="simple" />
            <root url="file://$USER_HOME$/AppData/Local/Programs/Python/Python36/Lib" type="simple" />
            <root url="file://$USER_HOME$/AppData/Local/Programs/Python/Python36" type="simple" />
            <root url="file://$USER_HOME$/AppData/Roaming/Python/Python36/site-packages" type="simple" />
            <root url="file://$USER_HOME$/AppData/Local/Programs/Python/Python36/Lib/site-packages" type="simple" />
            <root url="file://$USER_HOME$/AppData/Local/Programs/Python/Python36/Lib/site-packages/python_dateutil-2.7.5-py3.6.egg" type="simple" />
            <root url="file://$USER_HOME$/AppData/Local/Programs/Python/Python36/Lib/site-packages/qtconsole-4.4.3-py3.6.egg" type="simple" />
            <root url="file://$USER_HOME$/AppData/Local/Programs/Python/Python36/Lib/site-packages/notebook-5.7.4-py3.6.egg" type="simple" />
            <root url="file://$USER_HOME$/AppData/Local/Programs/Python/Python36/Lib/site-packages/nbconvert-5.4.0-py3.6.egg" type="simple" />
            <root url="file://$USER_HOME$/AppData/Local/Programs/Python/Python36/Lib/site-packages/jupyter_console-6.0.0-py3.6.egg" type="simple" />
            <root url="file://$USER_HOME$/AppData/Local/Programs/Python/Python36/Lib/site-packages/ipywidgets-7.4.2-py3.6.egg" type="simple" />
            <root url="file://$USER_HOME$/AppData/Local/Programs/Python/Python36/Lib/site-packages/ipykernel-5.1.0-py3.6.egg" type="simple" />
            <root url="file://$USER_HOME$/AppData/Local/Programs/Python/Python36/Lib/site-packages/jupyter_core-4.4.0-py3.6.egg" type="simple" />
            <root url="file://$USER_HOME$/AppData/Local/Programs/Python/Python36/Lib/site-packages/jupyter_client-5.2.4-py3.6.egg" type="simple" />
            <root url="file://$USER_HOME$/AppData/Local/Programs/Python/Python36/Lib/site-packages/terminado-0.8.1-py3.6.egg" type="simple" />
            <root url="file://$USER_HOME$/AppData/Local/Programs/Python/Python36/Lib/site-packages/pyzmq-17.1.2-py3.6-win-amd64.egg" type="simple" />
            <root url="jar://$USER_HOME$/AppData/Local/Programs/Python/Python36/Lib/site-packages/prometheus_client-0.5.0-py3.6.egg!/" type="simple" />
            <root url="file://$USER_HOME$/AppData/Local/Programs/Python/Python36/Lib/site-packages/nbformat-4.4.0-py3.6.egg" type="simple" />
            <root url="file://$USER_HOME$/AppData/Local/Programs/Python/Python36/Lib/site-packages/Send2Trash-1.5.0-py3.6.egg" type="simple" />
            <root url="file://$USER_HOME$/AppData/Local/Programs/Python/Python36/Lib/site-packages/testpath-0.4.2-py3.6.egg" type="simple" />
            <root url="jar://$USER_HOME$/AppData/Local/Programs/Python/Python36/Lib/site-packages/pandocfilters-1.4.2-py3.6.egg!/" type="simple" />
            <root url="file://$USER_HOME$/AppData/Local/Programs/Python/Python36/Lib/site-packages/mistune-0.8.4-py3.6.egg" type="simple" />
            <root url="file://$USER_HOME$/AppData/Local/Programs/Python/Python36/Lib/site-packages/entrypoints-0.3-py3.6.egg" type="simple" />
            <root url="file://$USER_HOME$/AppData/Local/Programs/Python/Python36/Lib/site-packages/defusedxml-0.5.0-py3.6.egg" type="simple" />
            <root url="file://$USER_HOME$/AppData/Local/Programs/Python/Python36/Lib/site-packages/bleach-3.1.0-py3.6.egg" type="simple" />
            <root url="file://$USER_HOME$/AppData/Local/Programs/Python/Python36/Lib/site-packages/widgetsnbextension-3.4.2-py3.6.egg" type="simple" />
            <root url="file://$USER_HOME$/AppData/Local/Programs/Python/Python36/Lib/site-packages/pywinpty-0.5.5-py3.6-win-amd64.egg" type="simple" />
            <root url="file://$USER_HOME$/AppData/Local/Programs/Python/Python36/Lib/site-packages/jsonschema-3.0.0b3-py3.6.egg" type="simple" />
            <root url="file://$USER_HOME$/AppData/Local/Programs/Python/Python36/Lib/site-packages/webencodings-0.5.1-py3.6.egg" type="simple" />
            <root url="jar://$USER_HOME$/AppData/Local/Programs/Python/Python36/Lib/site-packages/pyrsistent-0.14.9-py3.6-win-amd64.egg!/" type="simple" />
            <root url="file://$USER_HOME$/AppData/Local/Programs/Python/Python36/Lib/site-packages/attrs-18.2.0-py3.6.egg" type="simple" />
            <root url="file://$USER_HOME$/AppData/Local/Programs/Python/Python36/Lib/site-packages/setuptools-40.8.0-py3.6.egg" type="simple" />
            <root url="jar://$USER_HOME$/AppData/Local/Programs/Python/Python36/Lib/site-packages/distribute-0.7.3-py3.6.egg!/" type="simple" />
            <root url="file://$USER_HOME$/.PyCharmCE2018.3/system/python_stubs/-1274909406" type="simple" />
            <root url="file://$APPLICATION_HOME_DIR$/helpers/python-skeletons" type="simple" />
            <root url="file://$APPLICATION_HOME_DIR$/helpers/typeshed/stdlib/3" type="simple" />
            <root url="file://$APPLICATION_HOME_DIR$/helpers/typeshed/stdlib/2and3" type="simple" />
            <root url="file://$APPLICATION_HOME_DIR$/helpers/typeshed/third_party/3" type="simple" />
            <root url="file://$APPLICATION_HOME_DIR$/helpers/typeshed/third_party/2and3" type="simple" />
          </root>
        </classPath>
        <sourcePath>
          <root type="composite" />
        </sourcePath>
      </roots>
      <additional />
    </jdk>
    <jdk version="2">
      <name value="Python 3.6 (jupyternotebooktest)" />
      <type value="Python SDK" />
      <version value="Python 3.6.5" />
      <homePath value="C:\Users\student\PycharmProjects\jupyternotebooktest\venv\Scripts\python.exe" />
      <roots>
        <classPath>
          <root type="composite">
            <root url="file://$USER_HOME$/AppData/Local/Programs/Python/Python36/DLLs" type="simple" />
            <root url="file://$USER_HOME$/AppData/Local/Programs/Python/Python36/Lib" type="simple" />
            <root url="file://$USER_HOME$/AppData/Local/Programs/Python/Python36" type="simple" />
            <root url="file://$USER_HOME$/PycharmProjects/jupyternotebooktest/venv" type="simple" />
            <root url="file://$USER_HOME$/PycharmProjects/jupyternotebooktest/venv/Lib/site-packages" type="simple" />
            <root url="jar://$USER_HOME$/PycharmProjects/jupyternotebooktest/venv/Lib/site-packages/setuptools-39.1.0-py3.6.egg!/" type="simple" />
            <root url="file://$USER_HOME$/PycharmProjects/jupyternotebooktest/venv/Lib/site-packages/pip-10.0.1-py3.6.egg" type="simple" />
            <root url="file://$USER_HOME$/.PyCharmCE2018.3/system/python_stubs/2092288880" type="simple" />
            <root url="file://$APPLICATION_HOME_DIR$/helpers/python-skeletons" type="simple" />
            <root url="file://$APPLICATION_HOME_DIR$/helpers/typeshed/stdlib/3" type="simple" />
            <root url="file://$APPLICATION_HOME_DIR$/helpers/typeshed/stdlib/2and3" type="simple" />
            <root url="file://$APPLICATION_HOME_DIR$/helpers/typeshed/third_party/3" type="simple" />
            <root url="file://$APPLICATION_HOME_DIR$/helpers/typeshed/third_party/2and3" type="simple" />
          </root>
        </classPath>
        <sourcePath>
          <root type="composite" />
        </sourcePath>
      </roots>
      <additional ASSOCIATED_PROJECT_PATH="$USER_HOME$/PycharmProjects/jupyternotebooktest" />
    </jdk>
    <jdk version="2">
      <name value="Python 3.6 (kevin)" />
      <type value="Python SDK" />
      <version value="Python 3.6.5" />
      <homePath value="C:\Users\student\PycharmProjects\kevin\venv\Scripts\python.exe" />
      <roots>
        <classPath>
          <root type="composite">
            <root url="file://$USER_HOME$/AppData/Local/Programs/Python/Python36/DLLs" type="simple" />
            <root url="file://$USER_HOME$/AppData/Local/Programs/Python/Python36/Lib" type="simple" />
            <root url="file://$USER_HOME$/AppData/Local/Programs/Python/Python36" type="simple" />
            <root url="file://$USER_HOME$/PycharmProjects/kevin/venv" type="simple" />
            <root url="file://$USER_HOME$/PycharmProjects/kevin/venv/Lib/site-packages" type="simple" />
            <root url="jar://$USER_HOME$/PycharmProjects/kevin/venv/Lib/site-packages/setuptools-39.1.0-py3.6.egg!/" type="simple" />
            <root url="file://$USER_HOME$/PycharmProjects/kevin/venv/Lib/site-packages/pip-10.0.1-py3.6.egg" type="simple" />
            <root url="file://$USER_HOME$/.PyCharmCE2018.3/system/python_stubs/51977463" type="simple" />
            <root url="file://$APPLICATION_HOME_DIR$/helpers/python-skeletons" type="simple" />
            <root url="file://$APPLICATION_HOME_DIR$/helpers/typeshed/stdlib/3" type="simple" />
            <root url="file://$APPLICATION_HOME_DIR$/helpers/typeshed/stdlib/2and3" type="simple" />
            <root url="file://$APPLICATION_HOME_DIR$/helpers/typeshed/third_party/3" type="simple" />
            <root url="file://$APPLICATION_HOME_DIR$/helpers/typeshed/third_party/2and3" type="simple" />
          </root>
        </classPath>
        <sourcePath>
          <root type="composite" />
        </sourcePath>
      </roots>
      <additional ASSOCIATED_PROJECT_PATH="$USER_HOME$/PycharmProjects/kevin" />
    </jdk>
    <jdk version="2">
      <name value="Python 3.6 (FinalHelpFile)" />
      <type value="Python SDK" />
      <version value="Python 3.6.5" />
      <homePath value="C:\Users\student\Desktop\Senior Spring\ISA330\Projects\FinalHelpFile\venv\Scripts\python.exe" />
      <roots>
        <classPath>
          <root type="composite">
            <root url="file://$USER_HOME$/AppData/Local/Programs/Python/Python36/DLLs" type="simple" />
            <root url="file://$USER_HOME$/AppData/Local/Programs/Python/Python36/Lib" type="simple" />
            <root url="file://$USER_HOME$/AppData/Local/Programs/Python/Python36" type="simple" />
            <root url="file://$USER_HOME$/Desktop/Senior Spring/ISA330/Projects/FinalHelpFile/venv" type="simple" />
            <root url="file://$USER_HOME$/Desktop/Senior Spring/ISA330/Projects/FinalHelpFile/venv/Lib/site-packages" type="simple" />
            <root url="jar://$USER_HOME$/Desktop/Senior Spring/ISA330/Projects/FinalHelpFile/venv/Lib/site-packages/setuptools-39.1.0-py3.6.egg!/" type="simple" />
            <root url="file://$USER_HOME$/Desktop/Senior Spring/ISA330/Projects/FinalHelpFile/venv/Lib/site-packages/pip-10.0.1-py3.6.egg" type="simple" />
            <root url="file://$USER_HOME$/.PyCharmCE2018.3/system/python_stubs/-1579496116" type="simple" />
            <root url="file://$APPLICATION_HOME_DIR$/helpers/python-skeletons" type="simple" />
            <root url="file://$APPLICATION_HOME_DIR$/helpers/typeshed/stdlib/3" type="simple" />
            <root url="file://$APPLICATION_HOME_DIR$/helpers/typeshed/stdlib/2and3" type="simple" />
            <root url="file://$APPLICATION_HOME_DIR$/helpers/typeshed/third_party/3" type="simple" />
            <root url="file://$APPLICATION_HOME_DIR$/helpers/typeshed/third_party/2and3" type="simple" />
          </root>
        </classPath>
        <sourcePath>
          <root type="composite" />
        </sourcePath>
      </roots>
      <additional ASSOCIATED_PROJECT_PATH="$USER_HOME$/Desktop/Senior Spring/ISA330/Projects/FinalHelpFile" />
    </jdk>
    <jdk version="2">
      <name value="Python 3.6 (VirtualEnvironmentExecutable)" />
      <type value="Python SDK" />
      <version value="Python 3.6.5" />
      <homePath value="C:\Users\student\PycharmProjects\VirtualEnvironmentExecutable\venv\Scripts\python.exe" />
      <roots>
        <classPath>
          <root type="composite">
            <root url="file://$USER_HOME$/AppData/Local/Programs/Python/Python36/DLLs" type="simple" />
            <root url="file://$USER_HOME$/AppData/Local/Programs/Python/Python36/Lib" type="simple" />
            <root url="file://$USER_HOME$/AppData/Local/Programs/Python/Python36" type="simple" />
            <root url="file://$USER_HOME$/PycharmProjects/VirtualEnvironmentExecutable/venv" type="simple" />
            <root url="file://$USER_HOME$/PycharmProjects/VirtualEnvironmentExecutable/venv/Lib/site-packages" type="simple" />
            <root url="jar://$USER_HOME$/PycharmProjects/VirtualEnvironmentExecutable/venv/Lib/site-packages/setuptools-39.1.0-py3.6.egg!/" type="simple" />
            <root url="file://$USER_HOME$/PycharmProjects/VirtualEnvironmentExecutable/venv/Lib/site-packages/pip-10.0.1-py3.6.egg" type="simple" />
            <root url="file://$USER_HOME$/.PyCharmCE2018.3/system/python_stubs/1002819068" type="simple" />
            <root url="file://$APPLICATION_HOME_DIR$/helpers/python-skeletons" type="simple" />
            <root url="file://$APPLICATION_HOME_DIR$/helpers/typeshed/stdlib/3" type="simple" />
            <root url="file://$APPLICATION_HOME_DIR$/helpers/typeshed/stdlib/2and3" type="simple" />
            <root url="file://$APPLICATION_HOME_DIR$/helpers/typeshed/third_party/3" type="simple" />
            <root url="file://$APPLICATION_HOME_DIR$/helpers/typeshed/third_party/2and3" type="simple" />
          </root>
        </classPath>
        <sourcePath>
          <root type="composite" />
        </sourcePath>
      </roots>
      <additional ASSOCIATED_PROJECT_PATH="$USER_HOME$/PycharmProjects/VirtualEnvironmentExecutable" />
    </jdk>
  </component>
</application>