<application>
  <component name="AppInspectionProfilesVisibleTreeState">
    <entry key="Default">
      <profile-state>
        <expanded-state>
          <State />
        </expanded-state>
        <selected-state>
          <State>
            <id>Buildout</id>
          </State>
        </selected-state>
      </profile-state>
    </entry>
  </component>
  <component name="PropertiesComponent">
    <property name="ColorChooser.RecentColors" value="56-65-56-255,,,152-173-152-255,,,155-179-155-255,,,134-161-134-255,,,150-177-150-255,,,226-254-226-255,,,210-209-212-255,,,229-228-231-255,,,255-40-35-255,,,255-33-30-255,,,0-0-0-255,,,255-91-168-255,,,255-98-159-255,,,255-41-202-255,,,15-95-134-255,,,128-35-35-255,,,167-36-32-255,,,255-255-255-255,,,255-3-0-255,,,255-95-145-255" />
    <property name="Copy.OpenInEditor" value="true" />
    <property name="Darcula.SavedEditorTheme" value="Mellow" />
    <property name="Default.SavedEditorTheme" value="_@user_Default" />
    <property name="ExpandBeforeRunStepsPanel" value="true" />
    <property name="ExpandRunDashboardTypesPanel" value="false" />
    <property name="FileTemplates.SelectedTemplate" value="HTML File" />
    <property name="KEYMAP" value="run" />
    <property name="PACKAGE_FILTER" value="pydub&#10;pyimage&#10;Htt&#10;http&#10;audioto" />
    <property name="PyCharm.InitialConfiguration" value="true" />
    <property name="PyCharm.InitialConfiguration.V2" value="true" />
    <property name="PyCharm.InitialConfiguration.V3" value="true" />
    <property name="PyCharm.InitialConfiguration.V4" value="true" />
    <property name="PyCharm.InitialConfiguration.V5" value="true" />
    <property name="PyCharm.InitialConfiguration.V6" value="true" />
    <property name="PyCharm.InitialConfiguration.V7" value="true" />
    <property name="PyCharm.initialConfigurationShown" value="true" />
    <property name="SettingsSearchHistory" value="file types&#10;hover&#10;popup&#10;editor&#10;pop" />
    <property name="SplitFileEditor.Proportion" value="0.73257023" />
    <property name="file.chooser.recent.files" value="$USER_HOME$/Desktop&#10;C:/Users/student/PycharmProjects/Notes&#10;C:/Users/student/PycharmProjects/FinalYoutubeStreamer&#10;C:/Users/student/PycharmProjects&#10;C:/Users/student/PycharmProjects/CarCamera&#10;C:/Users/student/PycharmProjects/retweet_analysis_v2&#10;C:/Users/student/PycharmProjects/RetweetAnalysis&#10;C:/Users/student/PycharmProjects/xxxxxxxxxx&#10;C:/Users/student/Desktop/ExtraTwitterNetworkStuff/Extractor_RT&#10;C:/Users/student/Desktop/ExtraTwitterNetworkStuff/ColabDatasetCreator&#10;C:/Users/student/PycharmProjects/AnalyticsDayPresentation&#10;C:/Users/student/PycharmProjects/RawDataCollector&#10;C:/Users/student/PycharmProjects/AnalysisMentzer&#10;C:/Users/student/Desktop/ExtraTwitterNetworkStuff&#10;C:/Users/student/PycharmProjects/xxxx&#10;C:/Users/student/PycharmProjects/NetworkTests&#10;C:/Users/student/PycharmProjects/Network&#10;C:/Users/student/PycharmProjects/HomeS&#10;C:/Users/student/PycharmProjects/HomeSecurity&#10;C:/Users/student/PycharmProjects/VideoStreamer&#10;C:/Users/student/PycharmProjects/videostream&#10;C:/Users/student/test&#10;C:/Users/student/PycharmProjects/SpotifyStreamer&#10;C:/Users/student/PycharmProjects/TwitterProject&#10;C:/Users/student/PycharmProjects/theGreeter&#10;C:/Users/student/Desktop/seniorSpring/directedStudy/Refresher&#10;C:/Users/student/Desktop/seniorSpring/directedStudy/userNameHandler&#10;C:/Users/student/Desktop/seniorSpring/directedStudy/userNameHandler/userNameHandler.py&#10;C:/Users/student/Desktop/AnalyticsNoBorders&#10;C:/Users/student/Desktop/seniorSpring/directedStudy" />
    <property name="file.gist.reindex.count" value="43636" />
    <property name="fileTypeChangedCounter" value="5" />
    <property name="lastTip" value="3" />
    <property name="org.intellij.images.editor.actions.BackgroundImageDialog#recent" value="" />
    <property name="selected.color.option.type" value="DEFAULT_INSTANCE_FIELD" />
    <property name="settings.code.style.selected.tab.Python" value="Tabs and Indents" />
  </component>
  <component name="PyTestFrameworkService">
    <option name="SDK_TO_PYTEST">
      <map>
        <entry key="C:\Users\student\AppData\Local\Programs\Python\Python36\python.exe" value="true" />
      </map>
    </option>
    <option name="SDK_TO_NOSETEST">
      <map>
        <entry key="C:\Users\student\AppData\Local\Programs\Python\Python36\python.exe" value="true" />
      </map>
    </option>
    <option name="SDK_TO_TRIALTEST">
      <map>
        <entry key="C:\Users\student\AppData\Local\Programs\Python\Python36\python.exe" value="false" />
      </map>
    </option>
  </component>
</application>